<?xml version="1.0" encoding="UTF-8"?>
<Configuration status="info" name="spring-boot-kafka-log" packages="com.fse">
    <Appenders>
        <Kafka name="Kafka" topic="logs">
            <PatternLayout pattern="%date %message"/>
            <Property name="bootstrap.servers">kafka:29092</Property>
        </Kafka>
        <Async name="Async">
            <AppenderRef ref="Kafka"/>
        </Async>

        <Console name="stdout" target="SYSTEM_OUT">
            <PatternLayout pattern="%d{yyyy-MM-dd HH:mm:ss.SSS} [%-5level] [%t] %c{1} - %msg%n"/>
        </Console>

    </Appenders>
    <Loggers>
        <Root level="INFO">
            <AppenderRef ref="Kafka"/>
            <AppenderRef ref="stdout"/>
        </Root>
        <Logger name="org.apache.kafka" level="WARN" /><!-- avoid recursive logging -->
    </Loggers>
</Configuration>